Cluster,Count,Mean_Income_k,Mean_Spending_Score
0,81,55.2962962962963,49.51851851851852
1,39,86.53846153846153,82.12820512820512
2,22,25.727272727272727,79.36363636363636
3,35,88.2,17.114285714285714
4,23,26.304347826086957,20.91304347826087
