Model,MAE,MSE,RMSE,R2
Baseline Linear (Hours),2.4475687452945643,10.85592128879332,3.294832513010839,0.2319868674542106
Polynomial (deg=2),2.4447795821288105,10.844988135705009,3.293172958668434,0.23276034442853477
Polynomial (deg=3),2.44451162121857,10.843834094915021,3.292997736852399,0.23284198821155666
Multi‑feature Linear,0.4499495002270698,3.252081227589895,1.803352774026728,0.7699282240123635
